action	courir
action	manger
action	dormir
action	parler
action	ecrire
action	lire
action	sauter
action	nager
action	chanter
action	danser
action	jouer
action	travailler
action	etudier
action	marcher
action	regarder
action	ecouter
action	nettoyer
action	cuisiner
action	conduire
action	construire
action	peindre
action	dessiner
action	voyager
action	acheter
action	vendre
action	recevoir
action	donner
action	penser
action	sentir
action	apprendre
action	expliquer
action	creer
astrologie	belier
astrologie	taureau
astrologie	gemeaux
astrologie	cancer
astrologie	lion
astrologie	vierge
astrologie	balance
astrologie	scorpion
astrologie	sagittaire
astrologie	capricorne
astrologie	verseau
astrologie	poissons
astrologie	un_ascendant
astrologie	une_maison
astrologie	un_zodiaque
astrologie	un_theme
astrologie	un_aspect
astrologie	une_conjonction
astrologie	un_trigone
astrologie	un_carre
astrologie	un_sextile
astrologie	une_opposition
astrologie	un_retrograde
astronomie	une_planete
astronomie	une_etoile
astronomie	un_soleil
astronomie	une_lune
astronomie	une_galaxie
astronomie	un_telescope
astronomie	un_astronaute
astronomie	un_satellite
astronomie	une_orbite
astronomie	une_comete
astronomie	un_asteroïde
astronomie	une_constellation
astronomie	un_univers
astronomie	vitesse-lumiere
astronomie	un_trou_noir
astronomie	un_quasar
astronomie	une_nebulosite
astronomie	une_meteorite
astronomie	un_calendrier_cosmique
astronomie	une_eclipse
astronomie	une_fusee
astronomie	un_observatoire
astronomie	un_radiotelescope
astronomie	un_cosmos
astronomie	mercure
astronomie	venus
astronomie	mars
astronomie	terre
astronomie	lune
astronomie	jupiter
astronomie	saturne
astronomie	uranus
astronomie	neptune
astronomie	pluton
astronomie	soleil
astronomie	un_geosynchrone
boucherie	du_bœuf
boucherie	du_veau
boucherie	du_porc
boucherie	de_l_agneau
boucherie	du_cheval
boucherie	de_la_volaille
boucherie	une_cotelette
boucherie	un_faux-filet
boucherie	une_entrecote
boucherie	un_gigot
boucherie	une_epaule
boucherie	un_roti
boucherie	une_bavette
boucherie	un_tendron
boucherie	un_jarret
boucherie	une_escalope
boucherie	une_saucisse
boucherie	une_merguez
boucherie	de_la_chair
boucherie	un_abat
boucherie	des_tripes
boucherie	de_la_viande_hache
boucherie	un_couteau
boucherie	un_tranchoir
boucherie	un_billot
boucherie	un_etabli
boucherie	un_tablier
boucherie	une_chaine
boucherie	une_decoupe
boucherie	parer
boucherie	ficeler
boucherie	une_maturation
boucherie	une_vitrine
boulangerie	un_boulanger
boulangerie	une_boulangere
boulangerie	de_la_farine
boulangerie	de_la_levure
boulangerie	de_l_eau
boulangerie	du_sel
boulangerie	un_petrissage
boulangerie	une_pate
boulangerie	un_four
boulangerie	un_pain
boulangerie	une_baguette
boulangerie	une_miche
boulangerie	un_crouton
boulangerie	une_mie
boulangerie	une_croute
boulangerie	un_croissant
boulangerie	une_chocolatine
boulangerie	un_pain_au_chocolat
boulangerie	un_pain_au_lait
boulangerie	une_brioche
boulangerie	une_viennoiserie
boulangerie	du_sucre
boulangerie	un_œuf
boulangerie	du_beurre
boulangerie	du_gluten
boulangerie	une_fermentation
boulangerie	une_dorure
boulangerie	un_couteau
boulangerie	une_tranche
boulangerie	un_etage
boulangerie	une_vitrine
boulangerie	un_tablier
boulangerie	une_mitre
boulangerie	une_caisse
boulangerie	un_client
boulangerie	une_vendeuse
boulangerie	un_fournil
boulangerie	une_couche
boulangerie	une_lame
boulangerie	une_coupe
boulangerie	un_poids
boulangerie	un_repos
boulangerie	une_pousse
boulangerie	une_fournee
boulangerie	du_gaz
boulangerie	une_temperature
boulangerie	un_petrin
boulangerie	du_sarrasin
boulangerie	une_tradition
boulangerie	un_pain_complet
boulangerie	un_sandwich
chambre_dormir	une_chambre
chambre_dormir	un_lit
chambre_dormir	un_matelas
chambre_dormir	un_oreiller
chambre_dormir	une_couette
chambre_dormir	un_drap
chambre_dormir	une_couverture
chambre_dormir	une_table_de_chevet
chambre_dormir	une_lampe_de_chevet
chambre_dormir	un_reveil
chambre_dormir	une_armoire
chambre_dormir	une_commode
chambre_dormir	un_tiroir
chambre_dormir	un_cintre
chambre_dormir	un_tapis
chambre_dormir	un_rideau
chambre_dormir	une_fenetre
chambre_dormir	un_volet
chambre_dormir	un_miroir
chambre_dormir	un_dressing
chambre_dormir	une_chaise
chambre_dormir	un_bureau
chambre_dormir	une_etagere
chambre_dormir	un_livre
chambre_dormir	un_poster
chambre_dormir	un_cadre
chambre_dormir	une_veilleuse
chambre_dormir	une_peluche
chambre_dormir	un_jouet
chambre_dormir	une_chaleur
chambre_dormir	un_silence
chambre_dormir	un_sommeil
chambre_dormir	un_cauchemar
chambre_dormir	un_reve
chambre_dormir	un_pyjama
chambre_dormir	une_pantoufle
chambre_dormir	un_radiateur
chambre_dormir	un_climatiseur
chambre_dormir	un_interrupteur
chambre_dormir	une_prise
chambre_dormir	un_mur
chambre_dormir	un_plafond
chambre_dormir	un_plancher
chambre_dormir	une_moquette
chambre_dormir	un_parfum
chambre_dormir	une_bougie
chambre_dormir	un_etendoir
chambre_dormir	un_panier_a_linge
chambre_dormir	une_poubelle
chambre_dormir	une_serrure
chambre_dormir	dormir
chambre_dormir	un_sommeil
chambre_dormir	une_nuit
chambre_dormir	un_repos
chambre_dormir	un_reve
chambre_dormir	un_cauchemar
chambre_dormir	une_insomnie
chambre_dormir	une_berceuse
chambre_dormir	un_silence
chambre_dormir	une_obscurite
chambre_dormir	une_lumiere
chambre_dormir	un_obscurcissement
chambre_dormir	une_temperature
chambre_dormir	une_aeration
chambre_dormir	un_lit
chambre_dormir	un_matelas
chambre_dormir	un_sommier
chambre_dormir	une_couette
chambre_dormir	un_oreiller
chambre_dormir	une_taie
chambre_dormir	une_housse
chambre_dormir	un_drap
chambre_dormir	un_pyjama
chambre_dormir	une_chemise_de_nuit
chambre_dormir	un_tapis
chambre_dormir	un_rideau_occultant
chambre_dormir	un_store
chambre_dormir	un_volet
chambre_dormir	une_tisane
chambre_dormir	un_livre
chambre_dormir	une_histoire
chambre_dormir	une_routine
chambre_dormir	un_rituel
chambre_dormir	une_horloge
chambre_dormir	un_sablier
chambre_dormir	une_montre
chambre_dormir	un_masque_de_sommeil
chambre_dormir	un_bouchon_d_oreille
chambre_dormir	une_peluche
chambre_dormir	un_doudou
chambre_dormir	un_berceau
chambre_dormir	une_chaleur
chambre_dormir	un_froid
chambre_dormir	un_bain
chambre_dormir	une_relaxation
chambre_dormir	un_apaisement
chambre_dormir	une_fatigue
chambre_dormir	une_sensation
chambre_dormir	une_habitude
chambre_dormir	une_pensee
corps_humain	une_tete
corps_humain	un_visage
corps_humain	un_cheveu
corps_humain	un_œil
corps_humain	une_oreille
corps_humain	un_nez
corps_humain	une_bouche
corps_humain	un_cou
corps_humain	une_epaule
corps_humain	un_bras
corps_humain	une_main
corps_humain	un_doigt
corps_humain	une_poitrine
corps_humain	un_ventre
corps_humain	un_dos
corps_humain	une_hanche
corps_humain	une_jambe
corps_humain	un_genou
corps_humain	une_cheville
corps_humain	un_pied
corps_humain	un_orteil
corps_humain	une_peau
corps_humain	une_gorge
corps_humain	un_sourcil
corps_humain	un_menton
cuisine	une_cuillere
cuisine	une_fourchette
cuisine	un_couteau
cuisine	une_assiette_plate
cuisine	une_assiette_creuse
cuisine	un_verre
cuisine	un_bol
cuisine	une_casserole
cuisine	une_poele
cuisine	un_four_electrique
cuisine	un_micro-onde
cuisine	un_refrigerateur
cuisine	un_tablier
cuisine	un_fouet
cuisine	un_robot_menager
cuisine	une_planche_a_decouper
ecole	une_classe
ecole	un_professeur
ecole	un_eleve
ecole	un_tableau_noir
ecole	un_cahier
ecole	un_livre
ecole	un_stylo
ecole	une_gomme
ecole	un_crayon
ecole	une_regle
ecole	une_trousse
ecole	un_sac_a_dos
ecole	un_bureau
ecole	une_chaise
ecole	une_cour_de_recreation
ecole	une_bibliotheque
ecole	un_gymnase
ecole	une_cantine
ecole	un_directeur
ecole	un_examen
ecole	une_interrogation
ecole	une_note
ecole	une_recreation
ecole	un_college
ecole	un_lycee
equitation	un_cheval
equitation	une_jument
equitation	un_poulain
equitation	un_cavalier
equitation	une_cavaliere
equitation	une_ecurie
equitation	un_box
equitation	une_carriere
equitation	un_manege
equitation	une_selle
equitation	une_bride
equitation	un_filet
equitation	un_etrier
equitation	une_sangle
equitation	une_bombe
equitation	une_cravache
equitation	une_brosse
equitation	un_pansage
equitation	un_galop
equitation	un_trot
equitation	un_obstacle
equitation	une_randonnee
equitation	un_fer
equitation	un_marechal-ferrant
equitation	une_allure
equitation	un_mors
equitation	un_licol
equitation	une_criniere
equitation	une_queue
equitation	un_sabot
ete	un_soleil
ete	une_plage
ete	des_vacances
ete	une_chaleur
ete	une_mer
ete	du_sable
ete	un_maillot
ete	une_serviette
ete	une_creme
ete	des_lunettes
ete	un_parasol
ete	une_glace
ete	un_sorbet
ete	un_cocktail
ete	une_terrasse
ete	un_barbecue
ete	un_aperitif
ete	une_fete
ete	une_nuit
ete	un_nuage
ete	un_short
ete	une_robe
ete	une_tong
ete	un_parc
ete	un_camping
ete	un_moustique
ete	un_orage
ete	un_voyage
ete	un_vent
ete	une_saison
ferme	un_tracteur
ferme	une_vache
ferme	un_cochon
ferme	un_mouton
ferme	une_chevre
ferme	une_poule
ferme	un_canard
ferme	une_oie
ferme	un_cheval
ferme	un_chien
ferme	un_lapin
ferme	un_champ
ferme	une_prairie
ferme	une_etable
ferme	une_porcherie
ferme	un_poulailler
ferme	une_grange
ferme	un_silo
ferme	un_fenil
ferme	une_recolte
ferme	une_moisson
ferme	une_fourche
ferme	une_botte
ferme	de_la_paille
ferme	un_engrais
ferme	une_irrigation
ferme	du_lait
ferme	du_fromage
ferme	un_œuf
ferme	un_jardin
ferme	un_agriculteur
ferme	un_apiculteur
foret	un_arbre
foret	un_bois
foret	une_feuille
foret	un_tronc
foret	une_racine
foret	une_ecorce
foret	une_branche
foret	un_chene
foret	un_sapin
foret	une_clairiere
foret	une_lisiere
foret	un_sous-bois
foret	un_sentier
foret	une_mousse
foret	une_fougere
foret	un_champignon
foret	une_sylviculture
foret	un_bucheron
foret	une_coupe
foret	un_resineux
foret	un_feuillu
foret	un_cerf
foret	un_chevreuil
foret	un_sanglier
foret	un_renard
foret	un_loup
foret	une_chouette
foret	un_geai
foret	un_nid
foret	un_habitat
foret	une_ombre
foret	un_humus
fruit	une_pomme
fruit	une_orange
fruit	une_banane
fruit	une_fraise
fruit	un_kiwi
fruit	une_mangue
fruit	une_poire
fruit	un_ananas
fruit	un_citron
fruit	une_pasteque
fruit	du_raisin
fruit	une_peche
fruit	un_abricot
fruit	une_cerise
fruit	une_framboise
fruit	une_mure
fruit	une_myrtille
fruit	un_melon
fruit	une_figue
fruit	un_pamplemousse
fruit	un_coing
fruit	une_datte
fruit	une_grenade
fruit	un_kaki
fruit	un_litchi
hiver	de_la_neige
hiver	du_froid
hiver	du_gel
hiver	du_verglas
hiver	une_tempete
hiver	de_la_glace
hiver	une_patinoire
hiver	une_cheminee
hiver	un_feu
hiver	un_cacao
hiver	un_ski
hiver	une_luge
hiver	un_anorak
hiver	un_manteau
hiver	une_echarpe
hiver	un_bonnet
hiver	un_gant
hiver	une_botte
hiver	un_vent
hiver	une_etoile
hiver	un_ouragan
hiver	un_jour
hiver	une_longueur
hiver	une_couverture
hiver	une_bouillotte
hiver	un_rhume
hiver	une_grippe
hiver	un_chauffage
hiver	un_poele
hiver	une_decoration
hiver	un_renne
hiver	un_sapin
instrument	un_piano
instrument	une_guitare_acoustique
instrument	un_violon
instrument	une_batterie_de_instrument
instrument	une_trompette
instrument	une_flute
instrument	un_saxophone
instrument	une_harpe
instrument	un_tambour
instrument	une_clarinette
instrument	un_violoncelle
instrument	une_guitare_electrique
instrument	un_orgue
instrument	une_caisse_claire
instrument	un_trombone
instrument	un_harmonica
instrument	un_banjo
instrument	une_mandoline
instrument	une_cymbale
instrument	un_balafon
legume	une_carotte
legume	une_tomate
legume	une_patate
legume	un_oignon
legume	un_ail
legume	un_poivron
legume	une_courgette
legume	une_aubergine
legume	un_chou-fleur
legume	un_brocoli
legume	une_laitue
legume	un_haricot_vert
legume	un_concombre
legume	un_radis
legume	un_celeri
legume	un_epinard
legume	un_champignon
legume	un_poireau
legume	une_citrouille
legume	une_betterave
legume	un_fenouil
legume	un_artichaut
legume	un_chou_de_bruxelles
legume	une_patate_douce
legume	un_avocat
maison	un_mur
maison	un_toit
maison	une_fondation
maison	des_combles
maison	un_grenier
maison	une_cave
maison	une_façade
maison	une_porte
maison	une_fenetre
maison	un_volet
maison	une_cheminee
maison	une_gouttiere
maison	une_terrasse
maison	un_balcon
maison	un_escalier
maison	un_palier
maison	un_plancher
maison	une_poutre
maison	une_tuile
maison	une_ardoise
maison	une_brique
maison	du_ciment
maison	du_mortier
maison	une_isolation
maison	une_charpente
maison	un_pignon
maison	un_linteau
maison	un_rez-de-chaussee
maison	un_etage
maison	une_parcelle
maison	une_cloture
maison	une_veranda
metier	un_ouvrier
metier	un_ingenieur
metier	un_medecin
metier	une_infirmiere
metier	un_professeur
metier	un_avocat
metier	un_policier
metier	un_pompier
metier	un_boulanger
metier	un_cuisinier
metier	un_caissier
metier	une_vendeuse
metier	un_chauffeur
metier	une_coiffeuse
metier	un_artiste
metier	un_journaliste
metier	un_architecte
metier	un_programmeur
metier	un_plombier
metier	un_electricien
metier	un_agriculteur
metier	un_pecheur
metier	un_metier
metier	une_profession
metier	une_carriere
metier	un_emploi
metier	un_salarie
metier	un_patron
metier	un_collegue
metier	un_bureau
metier	une_usine
metier	un_atelier
metier	uniforme
metier	un_outil
metier	une_machine
metier	un_ordinateur
metier	un_casque
metier	un_secouriste
metier	un_chercheur
metier	un_dentiste
metier	un_pharmacien
metier	un_banquier
metier	un_ministre
metier	un_ecrivain
metier	un_guide
metier	un_caissier
metier	un_juge
metier	un_horaire
metier	un_salaire
metier	une_tache
montagne	un_sommet
montagne	un_pic
montagne	une_crevasse
montagne	un_glacier
montagne	une_pente
montagne	un_versant
montagne	une_falaise
montagne	de_la_neige
montagne	un_rocher
montagne	une_foret
montagne	un_alpage
montagne	un_refuge
montagne	une_telecabine
montagne	une_remontee
montagne	une_randonnee
montagne	une_escalade
montagne	du_ski
montagne	un_surf
montagne	une_raquette
montagne	un_guide
montagne	une_avalanche
montagne	une_boussole
montagne	une_corde
montagne	un_mousqueton
montagne	un_piolet
montagne	un_gant
montagne	un_vetement
montagne	un_chamois
montagne	une_marmotte
montagne	un_bouquetin
montagne	un_sentier
montagne	un_col
natation	la_natation
natation	un_nageur
natation	une_piscine
natation	un_couloir
natation	une_ligne
natation	de_l_eau
natation	un_bassin
natation	un_mur
natation	un_virage
natation	un_plongeon
natation	un_crawl
natation	une_brasse
natation	un_dos_crawle
natation	un_papillon
natation	une_palme
natation	une_lunette
natation	un_bonnet
natation	un_maillot
natation	une_planche
natation	un_pull_buoy
natation	un_changement
natation	un_vestiaire
natation	une_douche
natation	du_chlore
natation	une_respiration
natation	une_apnee
natation	un_battement
natation	un_mouvement
natation	une_force
natation	une_resistance
natation	un_entrainement
natation	une_course
natation	un_depart
natation	une_arrivee
natation	un_chrono
natation	un_record
natation	une_medaille
natation	un_arbitre
natation	un_podium
natation	une_nage_libre
natation	un_maitre_nageur
natation	un_tuba
natation	un_pince-nez
natation	une_serviette
natation	une_bouteille
natation	une_glisse
natation	un_souffle
natation	une_endurance
natation	une_longueur
natation	une_seance
prairie	une_prairie
prairie	de_l_herbe
prairie	une_fleur
prairie	un_champ
prairie	un_paturage
prairie	un_sol
prairie	de_la_terre
prairie	un_arbre
prairie	un_buisson
prairie	une_colline
prairie	une_vallee
prairie	une_riviere
prairie	un_chemin
prairie	un_sentier
prairie	un_vent
prairie	un_soleil
prairie	un_nuage
prairie	un_ciel
prairie	un_insecte
prairie	un_papillon
prairie	une_abeille
prairie	un_oiseau
prairie	une_vache
prairie	un_mouton
prairie	un_fermier
prairie	un_paysage
prairie	un_horizon
prairie	une_brise
prairie	une_odeur
prairie	un_silence
prairie	une_saison
prairie	un_ete
prairie	un_printemps
prairie	une_fauche
prairie	du_foin
prairie	une_mare
prairie	une_roche
prairie	une_ombre
prairie	un_rayon
prairie	un_horizon
prairie	une_cloture
prairie	un_tracteur
prairie	une_graine
prairie	une_pollinisation
prairie	une_campagne
prairie	un_ecureuil
prairie	une_taupe
prairie	un_mouvement
prairie	une_fraicheur
prairie	une_vue
safari	un_lion
safari	un_elephant
safari	un_leopard
safari	un_rhinoceros
safari	un_buffle
safari	une_girafe
safari	un_zebre
safari	un_guepard
safari	un_hippopotame
safari	un_gnou
safari	une_hyene
safari	une_gazelle
safari	un_impala
safari	un_phacochere
safari	une_autruche
safari	un_crocodile
safari	un_singe
safari	un_4x4
safari	une_savane
safari	une_brousse
safari	un_parc
safari	une_tente
safari	des_jumelles
safari	un_carnet
salle_a_manger	un_canape
salle_a_manger	un_fauteuil
salle_a_manger	une_table_a_manger
salle_a_manger	une_chaise
salle_a_manger	un_buffet
salle_a_manger	une_table_basse
salle_a_manger	un_meuble_tv
salle_a_manger	une_bibliotheque
salle_a_manger	une_vitrine
salle_a_manger	une_console
salle_a_manger	une_etagere
salle_a_manger	un_luminaire
salle_a_manger	un_lustre
salle_a_manger	un_lampadaire
salle_a_manger	un_tapis
salle_a_manger	un_rideau
salle_a_manger	un_voilage
salle_a_manger	un_coussin
salle_a_manger	un_plaid
salle_a_manger	un_miroir
salle_a_manger	un_cadre
salle_a_manger	un_tableau
salle_a_manger	un_vase
salle_a_manger	une_bougie
salle_a_manger	un_repose-pieds
salle_a_manger	un_pouf
salle_a_manger	une_carafe
salle_a_manger	une_vaisselle
salle_a_manger	des_couverts
salle_a_manger	une_nappe
salle_a_manger	une_cheminee
salle_a_manger	un_paravent
salle_de_bain	une_baignoire
salle_de_bain	une_douche
salle_de_bain	un_lavabo
salle_de_bain	un_miroir
salle_de_bain	un_porte-serviette
salle_de_bain	une_serviette_de_bain
salle_de_bain	un_tapis_de_bain
salle_de_bain	un_savon_pour_corps
salle_de_bain	un_shampooing
salle_de_bain	un_apres-shampooing
salle_de_bain	une_brosse_a_dents
salle_de_bain	un_dentifrice
salle_de_bain	un_peigne
salle_de_bain	une_brosse_a_cheveux
salle_de_bain	un_seche-cheveux
salle_de_bain	un_rasoir
salle_de_bain	une_creme_hydratante
salle_de_bain	un_distributeur_de_savon
salle_de_bain	une_trousse_de_toilette
salle_de_bain	une_poubelle_de_salle_de_bain
salle_de_bain	du_papier_toilette
salle_de_bain	une_ventouse
salle_de_bain	un_robinet
salle_de_bain	un_ciel_de_pluie
salle_de_bain	une_etagere_de_salle_de_bain
sport	du_football
sport	du_basketball
sport	du_rugby
sport	du_tennis
sport	de_la_natation
sport	de_l_athletisme
sport	de_la_boxe
sport	du_judo
sport	du_karate
sport	du_cyclisme
sport	du_golf
sport	du_hockey
sport	du_volleyball
sport	du_handball
sport	de_l_escrime
sport	de_la_gymnastique
sport	de_l_escalade
sport	de_l_aviron
sport	de_la_voile
sport	un_plongeon
sport	du_surf
sport	du_skateboard
sport	du_badminton
sport	de_l_equitation
sport	du_tir_a_l_arc
sport	l_halterophilie
sport	un_triathlon
sport	un_pentathlon
sport	une_course
sport	une_randonnee
sport	un_bobsleigh
sport	un_biathlon
toilettes	une_cuvette
toilettes	un_abattant
toilettes	une_chasse_d_eau
toilettes	un_reservoir
toilettes	un_flotteur
toilettes	un_bidet
toilettes	du_papier
toilettes	un_porte-papier
toilettes	un_balai
toilettes	un_desodorisant
toilettes	une_aeration
toilettes	une_ventilation
toilettes	un_eclairage
toilettes	un_carrelage
toilettes	un_lavabo
toilettes	un_robinet
toilettes	un_miroir
toilettes	une_serviette
toilettes	une_poubelle
toilettes	un_produit
toilettes	un_liquide
toilettes	une_canalisation
toilettes	un_siphon
toilettes	un_plongeur
toilettes	un_broyeur
toilettes	un_event
toilettes	un_separateur
toilettes	des_accessoires
toilettes	un_porte-manteau
toilettes	une_etagere
toilettes	un_tapis_de_sol
transport	un_transport
transport	un_vehicule
transport	une_voiture
transport	une_moto
transport	un_velo
transport	un_train
transport	un_avion
transport	un_bateau
transport	un_bus
transport	un_camion
transport	un_taxi
transport	un_conducteur
transport	un_passager
transport	une_route
transport	une_autoroute
transport	une_voie
transport	une_gare
transport	un_aeroport
transport	un_port
transport	une_gare_routiere
transport	un_billet
transport	un_ticket
transport	un_bagage
transport	une_valise
transport	un_voyage
transport	un_depart
transport	une_arrivee
transport	un_itineraire
transport	une_carte
transport	une_signalisation
transport	un_feu_tricolore
transport	un_virage
transport	un_embouteillage
transport	un_pont
transport	un_tunnel
transport	un_peage
transport	de_l_essence
transport	un_moteur
transport	une_roue
transport	un_frein
transport	une_aerogare
transport	un_quai
transport	une_hotesse
transport	un_capitaine
transport	un_marin
transport	une_croisiere
transport	un_trajet
transport	une_distance
transport	une_vitesse
transport	une_securite
